[{"image":"img/01FN46WF4QGK0P00S3E6K1Q0M1.jpeg","annotations":null},{"image":"img/01FN487DXMY2SDSVKDQQJB7YGJ.jpeg","annotations":null},{"image":"img/01FN487FRFW4CSV55ZKEKD1BSA.jpeg","annotations":null},{"image":"img/01FN487BYKV0CB6XPFTFZB17D1.jpeg","annotations":null},{"image":"img/01FN46VXKPD8MVQVFSCX03RA1D.png","annotations":null},{"image":"img/01FN46W7XX43SHAZETGHNBSDZ1.jpeg","annotations":null},{"image":"img/01FN487B93D88NEQ3G6EEF2NJ9.jpeg","annotations":null},{"image":"img/01FN487CKZMKZCVYMS11ZEJXXY.jpeg","annotations":null},{"image":"img/01FN487D8P8VN79J1MAZ789KWY.jpeg","annotations":null},{"image":"img/01FN487EJ6GTVVMSMXEJP2NF09.jpeg","annotations":null},{"image":"img/01FN487F5BVFHGFP5TBES70XB4.jpeg","annotations":null},{"image":"img/01FN487GE3XKD94YJFRYSJVAKB.jpeg","annotations":null},{"image":"img/01FN4DAVVZ85Z5H90AC2TMY2VC.jpeg","annotations":null},{"image":"img/01FN4DAWJ21SP01QPDDXJMTQX1.jpeg","annotations":null},{"image":"img/01FN4DAX7T9JKKJ2T8V3GF3SFE.jpeg","annotations":null},{"image":"img/01FN4DAXW9T5JMK0VSAMW72MKP.jpeg","annotations":null},{"image":"img/01FN4DAYKRYNK4RAA321B3M1FV.jpeg","annotations":null},{"image":"img/01FN4EEWBH9BY5E11GCKG0RMW7.jpeg","annotations":null},{"image":"img/01FN4EEVPMAAEABVYCR6QAJ89Z.jpeg","annotations":null},{"image":"img/01FN4EEWYDJYBAZGFMBR8HQPZM.jpeg","annotations":null},{"image":"img/01FN4EEXJ4DY0VKDW3AFHZDQP0.jpeg","annotations":null},{"image":"img/01FN4EEY73H7BFJ58WBTRSVKYC.jpeg","annotations":null},{"image":"img/01FN4EEYVVDBBNW06GMKTZNAXK.jpeg","annotations":null},{"image":"img/01FN4FXSTXF234DSCSXCT16S2Q.jpeg","annotations":null},{"image":"img/01FN4FXRKKYEM88FMDW0P66N4M.jpeg","annotations":null},{"image":"img/01FN4FXX42X63KNDDTGEJ1NVXD.jpeg","annotations":null}]
